Kelas,Nama File,Jumlah Piksel Tepi,Total Piksel,Rasio Piksel Tepi
rendah,rendah_clahe_01_flipH_r0.png,886,50625,0.017501
rendah,rendah_clahe_01_flipH_r270.png,890,50625,0.01758
rendah,rendah_clahe_01_flipH_r90.png,899,50625,0.017758
rendah,rendah_clahe_01_flipV_r0.png,903,50625,0.017837
rendah,rendah_clahe_01_flipV_r270.png,899,50625,0.017758
rendah,rendah_clahe_01_flipV_r90.png,890,50625,0.01758
rendah,rendah_clahe_01_orig_r0.png,890,50625,0.01758
rendah,rendah_clahe_01_orig_r270.png,886,50625,0.017501
rendah,rendah_clahe_01_orig_r90.png,903,50625,0.017837
rendah,rendah_clahe_02_flipH_r0.png,1344,50625,0.026548
rendah,rendah_clahe_02_flipH_r270.png,1347,50625,0.026607
rendah,rendah_clahe_02_flipH_r90.png,1362,50625,0.026904
rendah,rendah_clahe_02_flipV_r0.png,1380,50625,0.027259
rendah,rendah_clahe_02_flipV_r270.png,1362,50625,0.026904
rendah,rendah_clahe_02_flipV_r90.png,1347,50625,0.026607
rendah,rendah_clahe_02_orig_r0.png,1347,50625,0.026607
rendah,rendah_clahe_02_orig_r270.png,1344,50625,0.026548
rendah,rendah_clahe_02_orig_r90.png,1380,50625,0.027259
rendah,rendah_clahe_03_flipH_r0.png,1423,50625,0.028109
rendah,rendah_clahe_03_flipH_r270.png,1424,50625,0.028128
rendah,rendah_clahe_03_flipH_r90.png,1410,50625,0.027852
rendah,rendah_clahe_03_flipV_r0.png,1411,50625,0.027872
rendah,rendah_clahe_03_flipV_r270.png,1410,50625,0.027852
rendah,rendah_clahe_03_flipV_r90.png,1424,50625,0.028128
rendah,rendah_clahe_03_orig_r0.png,1424,50625,0.028128
rendah,rendah_clahe_03_orig_r270.png,1423,50625,0.028109
rendah,rendah_clahe_03_orig_r90.png,1411,50625,0.027872
rendah,rendah_clahe_04_flipH_r0.png,1537,50625,0.03036
rendah,rendah_clahe_04_flipH_r270.png,1544,50625,0.030499
rendah,rendah_clahe_04_flipH_r90.png,1535,50625,0.030321
rendah,rendah_clahe_04_flipV_r0.png,1542,50625,0.030459
rendah,rendah_clahe_04_flipV_r270.png,1535,50625,0.030321
rendah,rendah_clahe_04_flipV_r90.png,1544,50625,0.030499
rendah,rendah_clahe_04_orig_r0.png,1544,50625,0.030499
rendah,rendah_clahe_04_orig_r270.png,1537,50625,0.03036
rendah,rendah_clahe_04_orig_r90.png,1542,50625,0.030459
rendah,rendah_clahe_05_flipH_r0.png,1194,50625,0.023585
rendah,rendah_clahe_05_flipH_r270.png,1193,50625,0.023565
rendah,rendah_clahe_05_flipH_r90.png,1188,50625,0.023467
rendah,rendah_clahe_05_flipV_r0.png,1187,50625,0.023447
rendah,rendah_clahe_05_flipV_r270.png,1188,50625,0.023467
rendah,rendah_clahe_05_flipV_r90.png,1193,50625,0.023565
rendah,rendah_clahe_05_orig_r0.png,1193,50625,0.023565
rendah,rendah_clahe_05_orig_r270.png,1194,50625,0.023585
rendah,rendah_clahe_05_orig_r90.png,1187,50625,0.023447
rendah,rendah_clahe_06_flipH_r0.png,1520,50625,0.030025
rendah,rendah_clahe_06_flipH_r270.png,1517,50625,0.029965
rendah,rendah_clahe_06_flipH_r90.png,1515,50625,0.029926
rendah,rendah_clahe_06_flipV_r0.png,1512,50625,0.029867
rendah,rendah_clahe_06_flipV_r270.png,1515,50625,0.029926
rendah,rendah_clahe_06_flipV_r90.png,1517,50625,0.029965
rendah,rendah_clahe_06_orig_r0.png,1517,50625,0.029965
rendah,rendah_clahe_06_orig_r270.png,1520,50625,0.030025
rendah,rendah_clahe_06_orig_r90.png,1512,50625,0.029867
rendah,rendah_clahe_07_flipH_r0.png,1208,50625,0.023862
rendah,rendah_clahe_07_flipH_r270.png,1208,50625,0.023862
rendah,rendah_clahe_07_flipH_r90.png,1197,50625,0.023644
rendah,rendah_clahe_07_flipV_r0.png,1197,50625,0.023644
rendah,rendah_clahe_07_flipV_r270.png,1197,50625,0.023644
rendah,rendah_clahe_07_flipV_r90.png,1208,50625,0.023862
rendah,rendah_clahe_07_orig_r0.png,1208,50625,0.023862
rendah,rendah_clahe_07_orig_r270.png,1208,50625,0.023862
rendah,rendah_clahe_07_orig_r90.png,1197,50625,0.023644
rendah,rendah_clahe_08_flipH_r0.png,1365,50625,0.026963
rendah,rendah_clahe_08_flipH_r270.png,1350,50625,0.026667
rendah,rendah_clahe_08_flipH_r90.png,1359,50625,0.026844
rendah,rendah_clahe_08_flipV_r0.png,1350,50625,0.026667
rendah,rendah_clahe_08_flipV_r270.png,1359,50625,0.026844
rendah,rendah_clahe_08_flipV_r90.png,1350,50625,0.026667
rendah,rendah_clahe_08_orig_r0.png,1350,50625,0.026667
rendah,rendah_clahe_08_orig_r270.png,1365,50625,0.026963
rendah,rendah_clahe_08_orig_r90.png,1350,50625,0.026667
rendah,rendah_clahe_09_flipH_r0.png,1391,50625,0.027477
rendah,rendah_clahe_09_flipH_r270.png,1387,50625,0.027398
rendah,rendah_clahe_09_flipH_r90.png,1406,50625,0.027773
rendah,rendah_clahe_09_flipV_r0.png,1402,50625,0.027694
rendah,rendah_clahe_09_flipV_r270.png,1406,50625,0.027773
rendah,rendah_clahe_09_flipV_r90.png,1387,50625,0.027398
rendah,rendah_clahe_09_orig_r0.png,1387,50625,0.027398
rendah,rendah_clahe_09_orig_r270.png,1391,50625,0.027477
rendah,rendah_clahe_09_orig_r90.png,1402,50625,0.027694
rendah,rendah_clahe_10_flipH_r0.png,1487,50625,0.029373
rendah,rendah_clahe_10_flipH_r270.png,1492,50625,0.029472
rendah,rendah_clahe_10_flipH_r90.png,1483,50625,0.029294
rendah,rendah_clahe_10_flipV_r0.png,1488,50625,0.029393
rendah,rendah_clahe_10_flipV_r270.png,1483,50625,0.029294
rendah,rendah_clahe_10_flipV_r90.png,1492,50625,0.029472
rendah,rendah_clahe_10_orig_r0.png,1492,50625,0.029472
rendah,rendah_clahe_10_orig_r270.png,1487,50625,0.029373
rendah,rendah_clahe_10_orig_r90.png,1488,50625,0.029393
rendah,rendah_clahe_11_flipH_r0.png,1422,50625,0.028089
rendah,rendah_clahe_11_flipH_r270.png,1419,50625,0.02803
rendah,rendah_clahe_11_flipH_r90.png,1397,50625,0.027595
rendah,rendah_clahe_11_flipV_r0.png,1395,50625,0.027556
rendah,rendah_clahe_11_flipV_r270.png,1397,50625,0.027595
rendah,rendah_clahe_11_flipV_r90.png,1419,50625,0.02803
rendah,rendah_clahe_11_orig_r0.png,1419,50625,0.02803
rendah,rendah_clahe_11_orig_r270.png,1422,50625,0.028089
rendah,rendah_clahe_11_orig_r90.png,1395,50625,0.027556
rendah,rendah_clahe_12_flipH_r0.png,1795,50625,0.035457
rendah,rendah_clahe_12_flipH_r270.png,1805,50625,0.035654
rendah,rendah_clahe_12_flipH_r90.png,1793,50625,0.035417
rendah,rendah_clahe_12_flipV_r0.png,1804,50625,0.035635
rendah,rendah_clahe_12_flipV_r270.png,1793,50625,0.035417
rendah,rendah_clahe_12_flipV_r90.png,1805,50625,0.035654
rendah,rendah_clahe_12_orig_r0.png,1805,50625,0.035654
rendah,rendah_clahe_12_orig_r270.png,1795,50625,0.035457
rendah,rendah_clahe_12_orig_r90.png,1804,50625,0.035635
rendah,rendah_clahe_13_flipH_r0.png,1728,50625,0.034133
rendah,rendah_clahe_13_flipH_r270.png,1726,50625,0.034094
rendah,rendah_clahe_13_flipH_r90.png,1730,50625,0.034173
rendah,rendah_clahe_13_flipV_r0.png,1728,50625,0.034133
rendah,rendah_clahe_13_flipV_r270.png,1730,50625,0.034173
rendah,rendah_clahe_13_flipV_r90.png,1726,50625,0.034094
rendah,rendah_clahe_13_orig_r0.png,1726,50625,0.034094
rendah,rendah_clahe_13_orig_r270.png,1728,50625,0.034133
rendah,rendah_clahe_13_orig_r90.png,1728,50625,0.034133
rendah,rendah_clahe_14_flipH_r0.png,1425,50625,0.028148
rendah,rendah_clahe_14_flipH_r270.png,1414,50625,0.027931
rendah,rendah_clahe_14_flipH_r90.png,1418,50625,0.02801
rendah,rendah_clahe_14_flipV_r0.png,1407,50625,0.027793
rendah,rendah_clahe_14_flipV_r270.png,1418,50625,0.02801
rendah,rendah_clahe_14_flipV_r90.png,1414,50625,0.027931
rendah,rendah_clahe_14_orig_r0.png,1414,50625,0.027931
rendah,rendah_clahe_14_orig_r270.png,1425,50625,0.028148
rendah,rendah_clahe_14_orig_r90.png,1407,50625,0.027793
rendah,rendah_clahe_15_flipH_r0.png,1691,50625,0.033402
rendah,rendah_clahe_15_flipH_r270.png,1683,50625,0.033244
rendah,rendah_clahe_15_flipH_r90.png,1694,50625,0.033462
rendah,rendah_clahe_15_flipV_r0.png,1686,50625,0.033304
rendah,rendah_clahe_15_flipV_r270.png,1694,50625,0.033462
rendah,rendah_clahe_15_flipV_r90.png,1683,50625,0.033244
rendah,rendah_clahe_15_orig_r0.png,1683,50625,0.033244
rendah,rendah_clahe_15_orig_r270.png,1691,50625,0.033402
rendah,rendah_clahe_15_orig_r90.png,1686,50625,0.033304
rendah,rendah_clahe_16_flipH_r0.png,1341,50625,0.026489
rendah,rendah_clahe_16_flipH_r270.png,1343,50625,0.026528
rendah,rendah_clahe_16_flipH_r90.png,1343,50625,0.026528
rendah,rendah_clahe_16_flipV_r0.png,1345,50625,0.026568
rendah,rendah_clahe_16_flipV_r270.png,1343,50625,0.026528
rendah,rendah_clahe_16_flipV_r90.png,1343,50625,0.026528
rendah,rendah_clahe_16_orig_r0.png,1343,50625,0.026528
rendah,rendah_clahe_16_orig_r270.png,1341,50625,0.026489
rendah,rendah_clahe_16_orig_r90.png,1345,50625,0.026568
rendah,rendah_clahe_17_flipH_r0.png,1342,50625,0.026509
rendah,rendah_clahe_17_flipH_r270.png,1348,50625,0.026627
rendah,rendah_clahe_17_flipH_r90.png,1351,50625,0.026686
rendah,rendah_clahe_17_flipV_r0.png,1357,50625,0.026805
rendah,rendah_clahe_17_flipV_r270.png,1351,50625,0.026686
rendah,rendah_clahe_17_flipV_r90.png,1348,50625,0.026627
rendah,rendah_clahe_17_orig_r0.png,1348,50625,0.026627
rendah,rendah_clahe_17_orig_r270.png,1342,50625,0.026509
rendah,rendah_clahe_17_orig_r90.png,1357,50625,0.026805
rendah,rendah_clahe_18_flipH_r0.png,1217,50625,0.02404
rendah,rendah_clahe_18_flipH_r270.png,1215,50625,0.024
rendah,rendah_clahe_18_flipH_r90.png,1214,50625,0.02398
rendah,rendah_clahe_18_flipV_r0.png,1212,50625,0.023941
rendah,rendah_clahe_18_flipV_r270.png,1214,50625,0.02398
rendah,rendah_clahe_18_flipV_r90.png,1215,50625,0.024
rendah,rendah_clahe_18_orig_r0.png,1215,50625,0.024
rendah,rendah_clahe_18_orig_r270.png,1217,50625,0.02404
rendah,rendah_clahe_18_orig_r90.png,1212,50625,0.023941
rendah,rendah_clahe_19_flipH_r0.png,1606,50625,0.031723
rendah,rendah_clahe_19_flipH_r270.png,1589,50625,0.031388
rendah,rendah_clahe_19_flipH_r90.png,1615,50625,0.031901
rendah,rendah_clahe_19_flipV_r0.png,1598,50625,0.031565
rendah,rendah_clahe_19_flipV_r270.png,1615,50625,0.031901
rendah,rendah_clahe_19_flipV_r90.png,1589,50625,0.031388
rendah,rendah_clahe_19_orig_r0.png,1589,50625,0.031388
rendah,rendah_clahe_19_orig_r270.png,1606,50625,0.031723
rendah,rendah_clahe_19_orig_r90.png,1598,50625,0.031565
rendah,rendah_clahe_20_flipH_r0.png,1466,50625,0.028958
rendah,rendah_clahe_20_flipH_r270.png,1468,50625,0.028998
rendah,rendah_clahe_20_flipH_r90.png,1433,50625,0.028306
rendah,rendah_clahe_20_flipV_r0.png,1435,50625,0.028346
rendah,rendah_clahe_20_flipV_r270.png,1433,50625,0.028306
rendah,rendah_clahe_20_flipV_r90.png,1468,50625,0.028998
rendah,rendah_clahe_20_orig_r0.png,1468,50625,0.028998
rendah,rendah_clahe_20_orig_r270.png,1466,50625,0.028958
rendah,rendah_clahe_20_orig_r90.png,1435,50625,0.028346
rendah,rendah_clahe_21_flipH_r0.png,1472,50625,0.029077
rendah,rendah_clahe_21_flipH_r270.png,1481,50625,0.029254
rendah,rendah_clahe_21_flipH_r90.png,1466,50625,0.028958
rendah,rendah_clahe_21_flipV_r0.png,1474,50625,0.029116
rendah,rendah_clahe_21_flipV_r270.png,1466,50625,0.028958
rendah,rendah_clahe_21_flipV_r90.png,1481,50625,0.029254
rendah,rendah_clahe_21_orig_r0.png,1481,50625,0.029254
rendah,rendah_clahe_21_orig_r270.png,1472,50625,0.029077
rendah,rendah_clahe_21_orig_r90.png,1474,50625,0.029116
rendah,rendah_clahe_22_flipH_r0.png,1370,50625,0.027062
rendah,rendah_clahe_22_flipH_r270.png,1367,50625,0.027002
rendah,rendah_clahe_22_flipH_r90.png,1373,50625,0.027121
rendah,rendah_clahe_22_flipV_r0.png,1370,50625,0.027062
rendah,rendah_clahe_22_flipV_r270.png,1373,50625,0.027121
rendah,rendah_clahe_22_flipV_r90.png,1367,50625,0.027002
rendah,rendah_clahe_22_orig_r0.png,1367,50625,0.027002
rendah,rendah_clahe_22_orig_r270.png,1370,50625,0.027062
rendah,rendah_clahe_22_orig_r90.png,1370,50625,0.027062
rendah,rendah_clahe_23_flipH_r0.png,1351,50625,0.026686
rendah,rendah_clahe_23_flipH_r270.png,1347,50625,0.026607
rendah,rendah_clahe_23_flipH_r90.png,1356,50625,0.026785
rendah,rendah_clahe_23_flipV_r0.png,1352,50625,0.026706
rendah,rendah_clahe_23_flipV_r270.png,1356,50625,0.026785
rendah,rendah_clahe_23_flipV_r90.png,1347,50625,0.026607
rendah,rendah_clahe_23_orig_r0.png,1347,50625,0.026607
rendah,rendah_clahe_23_orig_r270.png,1351,50625,0.026686
rendah,rendah_clahe_23_orig_r90.png,1352,50625,0.026706
rendah,rendah_clahe_24_flipH_r0.png,1391,50625,0.027477
rendah,rendah_clahe_24_flipH_r270.png,1428,50625,0.028207
rendah,rendah_clahe_24_flipH_r90.png,1380,50625,0.027259
rendah,rendah_clahe_24_flipV_r0.png,1417,50625,0.02799
rendah,rendah_clahe_24_flipV_r270.png,1380,50625,0.027259
rendah,rendah_clahe_24_flipV_r90.png,1428,50625,0.028207
rendah,rendah_clahe_24_orig_r0.png,1428,50625,0.028207
rendah,rendah_clahe_24_orig_r270.png,1391,50625,0.027477
rendah,rendah_clahe_24_orig_r90.png,1417,50625,0.02799
rendah,rendah_clahe_25_flipH_r0.png,1373,50625,0.027121
rendah,rendah_clahe_25_flipH_r270.png,1346,50625,0.026588
rendah,rendah_clahe_25_flipH_r90.png,1379,50625,0.02724
rendah,rendah_clahe_25_flipV_r0.png,1352,50625,0.026706
rendah,rendah_clahe_25_flipV_r270.png,1379,50625,0.02724
rendah,rendah_clahe_25_flipV_r90.png,1346,50625,0.026588
rendah,rendah_clahe_25_orig_r0.png,1346,50625,0.026588
rendah,rendah_clahe_25_orig_r270.png,1373,50625,0.027121
rendah,rendah_clahe_25_orig_r90.png,1352,50625,0.026706
rendah,rendah_clahe_26_flipH_r0.png,1256,50625,0.02481
rendah,rendah_clahe_26_flipH_r270.png,1259,50625,0.024869
rendah,rendah_clahe_26_flipH_r90.png,1242,50625,0.024533
rendah,rendah_clahe_26_flipV_r0.png,1244,50625,0.024573
rendah,rendah_clahe_26_flipV_r270.png,1242,50625,0.024533
rendah,rendah_clahe_26_flipV_r90.png,1259,50625,0.024869
rendah,rendah_clahe_26_orig_r0.png,1259,50625,0.024869
rendah,rendah_clahe_26_orig_r270.png,1256,50625,0.02481
rendah,rendah_clahe_26_orig_r90.png,1244,50625,0.024573
rendah,rendah_clahe_27_flipH_r0.png,1513,50625,0.029886
rendah,rendah_clahe_27_flipH_r270.png,1511,50625,0.029847
rendah,rendah_clahe_27_flipH_r90.png,1526,50625,0.030143
rendah,rendah_clahe_27_flipV_r0.png,1524,50625,0.030104
rendah,rendah_clahe_27_flipV_r270.png,1526,50625,0.030143
rendah,rendah_clahe_27_flipV_r90.png,1511,50625,0.029847
rendah,rendah_clahe_27_orig_r0.png,1511,50625,0.029847
rendah,rendah_clahe_27_orig_r270.png,1513,50625,0.029886
rendah,rendah_clahe_27_orig_r90.png,1524,50625,0.030104
rendah,rendah_clahe_28_flipH_r0.png,1453,50625,0.028701
rendah,rendah_clahe_28_flipH_r270.png,1451,50625,0.028662
rendah,rendah_clahe_28_flipH_r90.png,1465,50625,0.028938
rendah,rendah_clahe_28_flipV_r0.png,1463,50625,0.028899
rendah,rendah_clahe_28_flipV_r270.png,1465,50625,0.028938
rendah,rendah_clahe_28_flipV_r90.png,1451,50625,0.028662
rendah,rendah_clahe_28_orig_r0.png,1451,50625,0.028662
rendah,rendah_clahe_28_orig_r270.png,1453,50625,0.028701
rendah,rendah_clahe_28_orig_r90.png,1463,50625,0.028899
rendah,rendah_clahe_29_flipH_r0.png,1343,50625,0.026528
rendah,rendah_clahe_29_flipH_r270.png,1343,50625,0.026528
rendah,rendah_clahe_29_flipH_r90.png,1322,50625,0.026114
rendah,rendah_clahe_29_flipV_r0.png,1322,50625,0.026114
rendah,rendah_clahe_29_flipV_r270.png,1322,50625,0.026114
rendah,rendah_clahe_29_flipV_r90.png,1343,50625,0.026528
rendah,rendah_clahe_29_orig_r0.png,1343,50625,0.026528
rendah,rendah_clahe_29_orig_r270.png,1343,50625,0.026528
rendah,rendah_clahe_29_orig_r90.png,1322,50625,0.026114
rendah,rendah_clahe_30_flipH_r0.png,1892,50625,0.037373
rendah,rendah_clahe_30_flipH_r270.png,1901,50625,0.037551
rendah,rendah_clahe_30_flipH_r90.png,1856,50625,0.036662
rendah,rendah_clahe_30_flipV_r0.png,1865,50625,0.03684
rendah,rendah_clahe_30_flipV_r270.png,1856,50625,0.036662
rendah,rendah_clahe_30_flipV_r90.png,1901,50625,0.037551
rendah,rendah_clahe_30_orig_r0.png,1901,50625,0.037551
rendah,rendah_clahe_30_orig_r270.png,1892,50625,0.037373
rendah,rendah_clahe_30_orig_r90.png,1865,50625,0.03684
rendah,rendah_clahe_31_flipH_r0.png,1412,50625,0.027891
rendah,rendah_clahe_31_flipH_r270.png,1415,50625,0.027951
rendah,rendah_clahe_31_flipH_r90.png,1383,50625,0.027319
rendah,rendah_clahe_31_flipV_r0.png,1386,50625,0.027378
rendah,rendah_clahe_31_flipV_r270.png,1383,50625,0.027319
rendah,rendah_clahe_31_flipV_r90.png,1415,50625,0.027951
rendah,rendah_clahe_31_orig_r0.png,1415,50625,0.027951
rendah,rendah_clahe_31_orig_r270.png,1412,50625,0.027891
rendah,rendah_clahe_31_orig_r90.png,1386,50625,0.027378
rendah,rendah_clahe_32_flipH_r0.png,1610,50625,0.031802
rendah,rendah_clahe_32_flipH_r270.png,1600,50625,0.031605
rendah,rendah_clahe_32_flipH_r90.png,1604,50625,0.031684
rendah,rendah_clahe_32_flipV_r0.png,1594,50625,0.031486
rendah,rendah_clahe_32_flipV_r270.png,1604,50625,0.031684
rendah,rendah_clahe_32_flipV_r90.png,1600,50625,0.031605
rendah,rendah_clahe_32_orig_r0.png,1600,50625,0.031605
rendah,rendah_clahe_32_orig_r270.png,1610,50625,0.031802
rendah,rendah_clahe_32_orig_r90.png,1594,50625,0.031486
rendah,rendah_clahe_33_flipH_r0.png,1487,50625,0.029373
rendah,rendah_clahe_33_flipH_r270.png,1491,50625,0.029452
rendah,rendah_clahe_33_flipH_r90.png,1482,50625,0.029274
rendah,rendah_clahe_33_flipV_r0.png,1497,50625,0.02957
rendah,rendah_clahe_33_flipV_r270.png,1482,50625,0.029274
rendah,rendah_clahe_33_flipV_r90.png,1491,50625,0.029452
rendah,rendah_clahe_33_orig_r0.png,1491,50625,0.029452
rendah,rendah_clahe_33_orig_r270.png,1487,50625,0.029373
rendah,rendah_clahe_33_orig_r90.png,1497,50625,0.02957
rendah,rendah_clahe_34_flipH_r0.png,1367,50625,0.027002
rendah,rendah_clahe_34_flipH_r270.png,1365,50625,0.026963
rendah,rendah_clahe_34_flipH_r90.png,1377,50625,0.0272
rendah,rendah_clahe_34_flipV_r0.png,1375,50625,0.02716
rendah,rendah_clahe_34_flipV_r270.png,1377,50625,0.0272
rendah,rendah_clahe_34_flipV_r90.png,1365,50625,0.026963
rendah,rendah_clahe_34_orig_r0.png,1365,50625,0.026963
rendah,rendah_clahe_34_orig_r270.png,1367,50625,0.027002
rendah,rendah_clahe_34_orig_r90.png,1375,50625,0.02716
rendah,rendah_clahe_35_flipH_r0.png,1578,50625,0.03117
rendah,rendah_clahe_35_flipH_r270.png,1577,50625,0.031151
rendah,rendah_clahe_35_flipH_r90.png,1587,50625,0.031348
rendah,rendah_clahe_35_flipV_r0.png,1586,50625,0.031328
rendah,rendah_clahe_35_flipV_r270.png,1587,50625,0.031348
rendah,rendah_clahe_35_flipV_r90.png,1577,50625,0.031151
rendah,rendah_clahe_35_orig_r0.png,1577,50625,0.031151
rendah,rendah_clahe_35_orig_r270.png,1578,50625,0.03117
rendah,rendah_clahe_35_orig_r90.png,1586,50625,0.031328
rendah,rendah_clahe_36_flipH_r0.png,1587,50625,0.031348
rendah,rendah_clahe_36_flipH_r270.png,1604,50625,0.031684
rendah,rendah_clahe_36_flipH_r90.png,1571,50625,0.031032
rendah,rendah_clahe_36_flipV_r0.png,1588,50625,0.031368
rendah,rendah_clahe_36_flipV_r270.png,1571,50625,0.031032
rendah,rendah_clahe_36_flipV_r90.png,1604,50625,0.031684
rendah,rendah_clahe_36_orig_r0.png,1604,50625,0.031684
rendah,rendah_clahe_36_orig_r270.png,1587,50625,0.031348
rendah,rendah_clahe_36_orig_r90.png,1588,50625,0.031368
rendah,rendah_clahe_37_flipH_r0.png,1024,50625,0.020227
rendah,rendah_clahe_37_flipH_r270.png,1025,50625,0.020247
rendah,rendah_clahe_37_flipH_r90.png,1005,50625,0.019852
rendah,rendah_clahe_37_flipV_r0.png,1006,50625,0.019872
rendah,rendah_clahe_37_flipV_r270.png,1005,50625,0.019852
rendah,rendah_clahe_37_flipV_r90.png,1025,50625,0.020247
rendah,rendah_clahe_37_orig_r0.png,1025,50625,0.020247
rendah,rendah_clahe_37_orig_r270.png,1024,50625,0.020227
rendah,rendah_clahe_37_orig_r90.png,1006,50625,0.019872
rendah,rendah_clahe_38_flipH_r0.png,1350,50625,0.026667
rendah,rendah_clahe_38_flipH_r270.png,1341,50625,0.026489
rendah,rendah_clahe_38_flipH_r90.png,1345,50625,0.026568
rendah,rendah_clahe_38_flipV_r0.png,1336,50625,0.02639
rendah,rendah_clahe_38_flipV_r270.png,1345,50625,0.026568
rendah,rendah_clahe_38_flipV_r90.png,1341,50625,0.026489
rendah,rendah_clahe_38_orig_r0.png,1341,50625,0.026489
rendah,rendah_clahe_38_orig_r270.png,1350,50625,0.026667
rendah,rendah_clahe_38_orig_r90.png,1336,50625,0.02639
rendah,rendah_clahe_39_flipH_r0.png,1304,50625,0.025758
rendah,rendah_clahe_39_flipH_r270.png,1313,50625,0.025936
rendah,rendah_clahe_39_flipH_r90.png,1307,50625,0.025817
rendah,rendah_clahe_39_flipV_r0.png,1316,50625,0.025995
rendah,rendah_clahe_39_flipV_r270.png,1307,50625,0.025817
rendah,rendah_clahe_39_flipV_r90.png,1313,50625,0.025936
rendah,rendah_clahe_39_orig_r0.png,1313,50625,0.025936
rendah,rendah_clahe_39_orig_r270.png,1304,50625,0.025758
rendah,rendah_clahe_39_orig_r90.png,1316,50625,0.025995
rendah,rendah_clahe_40_flipH_r0.png,1304,50625,0.025758
rendah,rendah_clahe_40_flipH_r270.png,1313,50625,0.025936
rendah,rendah_clahe_40_flipH_r90.png,1307,50625,0.025817
rendah,rendah_clahe_40_flipV_r0.png,1316,50625,0.025995
rendah,rendah_clahe_40_flipV_r270.png,1307,50625,0.025817
rendah,rendah_clahe_40_flipV_r90.png,1313,50625,0.025936
rendah,rendah_clahe_40_orig_r0.png,1313,50625,0.025936
rendah,rendah_clahe_40_orig_r270.png,1304,50625,0.025758
rendah,rendah_clahe_40_orig_r90.png,1316,50625,0.025995
sedang,sedang_clahe_01_flipH_r0.png,1188,50625,0.023467
sedang,sedang_clahe_01_flipH_r270.png,1188,50625,0.023467
sedang,sedang_clahe_01_flipH_r90.png,1175,50625,0.02321
sedang,sedang_clahe_01_flipV_r0.png,1175,50625,0.02321
sedang,sedang_clahe_01_flipV_r270.png,1175,50625,0.02321
sedang,sedang_clahe_01_flipV_r90.png,1188,50625,0.023467
sedang,sedang_clahe_01_orig_r0.png,1188,50625,0.023467
sedang,sedang_clahe_01_orig_r270.png,1188,50625,0.023467
sedang,sedang_clahe_01_orig_r90.png,1175,50625,0.02321
sedang,sedang_clahe_02_flipH_r0.png,1303,50625,0.025738
sedang,sedang_clahe_02_flipH_r270.png,1304,50625,0.025758
sedang,sedang_clahe_02_flipH_r90.png,1305,50625,0.025778
sedang,sedang_clahe_02_flipV_r0.png,1306,50625,0.025798
sedang,sedang_clahe_02_flipV_r270.png,1305,50625,0.025778
sedang,sedang_clahe_02_flipV_r90.png,1304,50625,0.025758
sedang,sedang_clahe_02_orig_r0.png,1304,50625,0.025758
sedang,sedang_clahe_02_orig_r270.png,1303,50625,0.025738
sedang,sedang_clahe_02_orig_r90.png,1306,50625,0.025798
sedang,sedang_clahe_03_flipH_r0.png,1525,50625,0.030123
sedang,sedang_clahe_03_flipH_r270.png,1524,50625,0.030104
sedang,sedang_clahe_03_flipH_r90.png,1514,50625,0.029906
sedang,sedang_clahe_03_flipV_r0.png,1513,50625,0.029886
sedang,sedang_clahe_03_flipV_r270.png,1514,50625,0.029906
sedang,sedang_clahe_03_flipV_r90.png,1524,50625,0.030104
sedang,sedang_clahe_03_orig_r0.png,1524,50625,0.030104
sedang,sedang_clahe_03_orig_r270.png,1525,50625,0.030123
sedang,sedang_clahe_03_orig_r90.png,1513,50625,0.029886
sedang,sedang_clahe_04_flipH_r0.png,1691,50625,0.033402
sedang,sedang_clahe_04_flipH_r270.png,1698,50625,0.033541
sedang,sedang_clahe_04_flipH_r90.png,1678,50625,0.033146
sedang,sedang_clahe_04_flipV_r0.png,1685,50625,0.033284
sedang,sedang_clahe_04_flipV_r270.png,1678,50625,0.033146
sedang,sedang_clahe_04_flipV_r90.png,1698,50625,0.033541
sedang,sedang_clahe_04_orig_r0.png,1698,50625,0.033541
sedang,sedang_clahe_04_orig_r270.png,1691,50625,0.033402
sedang,sedang_clahe_04_orig_r90.png,1685,50625,0.033284
sedang,sedang_clahe_05_flipH_r0.png,1604,50625,0.031684
sedang,sedang_clahe_05_flipH_r270.png,1601,50625,0.031625
sedang,sedang_clahe_05_flipH_r90.png,1608,50625,0.031763
sedang,sedang_clahe_05_flipV_r0.png,1605,50625,0.031704
sedang,sedang_clahe_05_flipV_r270.png,1608,50625,0.031763
sedang,sedang_clahe_05_flipV_r90.png,1601,50625,0.031625
sedang,sedang_clahe_05_orig_r0.png,1601,50625,0.031625
sedang,sedang_clahe_05_orig_r270.png,1604,50625,0.031684
sedang,sedang_clahe_05_orig_r90.png,1605,50625,0.031704
sedang,sedang_clahe_06_flipH_r0.png,1487,50625,0.029373
sedang,sedang_clahe_06_flipH_r270.png,1510,50625,0.029827
sedang,sedang_clahe_06_flipH_r90.png,1486,50625,0.029353
sedang,sedang_clahe_06_flipV_r0.png,1509,50625,0.029807
sedang,sedang_clahe_06_flipV_r270.png,1486,50625,0.029353
sedang,sedang_clahe_06_flipV_r90.png,1510,50625,0.029827
sedang,sedang_clahe_06_orig_r0.png,1510,50625,0.029827
sedang,sedang_clahe_06_orig_r270.png,1487,50625,0.029373
sedang,sedang_clahe_06_orig_r90.png,1509,50625,0.029807
sedang,sedang_clahe_07_flipH_r0.png,1947,50625,0.038459
sedang,sedang_clahe_07_flipH_r270.png,1941,50625,0.038341
sedang,sedang_clahe_07_flipH_r90.png,1899,50625,0.037511
sedang,sedang_clahe_07_flipV_r0.png,1893,50625,0.037393
sedang,sedang_clahe_07_flipV_r270.png,1899,50625,0.037511
sedang,sedang_clahe_07_flipV_r90.png,1941,50625,0.038341
sedang,sedang_clahe_07_orig_r0.png,1941,50625,0.038341
sedang,sedang_clahe_07_orig_r270.png,1947,50625,0.038459
sedang,sedang_clahe_07_orig_r90.png,1893,50625,0.037393
sedang,sedang_clahe_08_flipH_r0.png,1877,50625,0.037077
sedang,sedang_clahe_08_flipH_r270.png,1876,50625,0.037057
sedang,sedang_clahe_08_flipH_r90.png,1870,50625,0.036938
sedang,sedang_clahe_08_flipV_r0.png,1869,50625,0.036919
sedang,sedang_clahe_08_flipV_r270.png,1870,50625,0.036938
sedang,sedang_clahe_08_flipV_r90.png,1876,50625,0.037057
sedang,sedang_clahe_08_orig_r0.png,1876,50625,0.037057
sedang,sedang_clahe_08_orig_r270.png,1877,50625,0.037077
sedang,sedang_clahe_08_orig_r90.png,1869,50625,0.036919
sedang,sedang_clahe_09_flipH_r0.png,1375,50625,0.02716
sedang,sedang_clahe_09_flipH_r270.png,1375,50625,0.02716
sedang,sedang_clahe_09_flipH_r90.png,1368,50625,0.027022
sedang,sedang_clahe_09_flipV_r0.png,1368,50625,0.027022
sedang,sedang_clahe_09_flipV_r270.png,1368,50625,0.027022
sedang,sedang_clahe_09_flipV_r90.png,1375,50625,0.02716
sedang,sedang_clahe_09_orig_r0.png,1375,50625,0.02716
sedang,sedang_clahe_09_orig_r270.png,1375,50625,0.02716
sedang,sedang_clahe_09_orig_r90.png,1368,50625,0.027022
sedang,sedang_clahe_10_flipH_r0.png,1528,50625,0.030183
sedang,sedang_clahe_10_flipH_r270.png,1524,50625,0.030104
sedang,sedang_clahe_10_flipH_r90.png,1528,50625,0.030183
sedang,sedang_clahe_10_flipV_r0.png,1524,50625,0.030104
sedang,sedang_clahe_10_flipV_r270.png,1528,50625,0.030183
sedang,sedang_clahe_10_flipV_r90.png,1524,50625,0.030104
sedang,sedang_clahe_10_orig_r0.png,1524,50625,0.030104
sedang,sedang_clahe_10_orig_r270.png,1528,50625,0.030183
sedang,sedang_clahe_10_orig_r90.png,1524,50625,0.030104
sedang,sedang_clahe_11_flipH_r0.png,1510,50625,0.029827
sedang,sedang_clahe_11_flipH_r270.png,1512,50625,0.029867
sedang,sedang_clahe_11_flipH_r90.png,1512,50625,0.029867
sedang,sedang_clahe_11_flipV_r0.png,1514,50625,0.029906
sedang,sedang_clahe_11_flipV_r270.png,1512,50625,0.029867
sedang,sedang_clahe_11_flipV_r90.png,1512,50625,0.029867
sedang,sedang_clahe_11_orig_r0.png,1512,50625,0.029867
sedang,sedang_clahe_11_orig_r270.png,1510,50625,0.029827
sedang,sedang_clahe_11_orig_r90.png,1514,50625,0.029906
sedang,sedang_clahe_12_flipH_r0.png,1571,50625,0.031032
sedang,sedang_clahe_12_flipH_r270.png,1564,50625,0.030894
sedang,sedang_clahe_12_flipH_r90.png,1567,50625,0.030953
sedang,sedang_clahe_12_flipV_r0.png,1560,50625,0.030815
sedang,sedang_clahe_12_flipV_r270.png,1567,50625,0.030953
sedang,sedang_clahe_12_flipV_r90.png,1564,50625,0.030894
sedang,sedang_clahe_12_orig_r0.png,1564,50625,0.030894
sedang,sedang_clahe_12_orig_r270.png,1571,50625,0.031032
sedang,sedang_clahe_12_orig_r90.png,1560,50625,0.030815
sedang,sedang_clahe_13_flipH_r0.png,1738,50625,0.034331
sedang,sedang_clahe_13_flipH_r270.png,1732,50625,0.034212
sedang,sedang_clahe_13_flipH_r90.png,1740,50625,0.03437
sedang,sedang_clahe_13_flipV_r0.png,1734,50625,0.034252
sedang,sedang_clahe_13_flipV_r270.png,1740,50625,0.03437
sedang,sedang_clahe_13_flipV_r90.png,1732,50625,0.034212
sedang,sedang_clahe_13_orig_r0.png,1732,50625,0.034212
sedang,sedang_clahe_13_orig_r270.png,1738,50625,0.034331
sedang,sedang_clahe_13_orig_r90.png,1734,50625,0.034252
sedang,sedang_clahe_14_flipH_r0.png,1357,50625,0.026805
sedang,sedang_clahe_14_flipH_r270.png,1355,50625,0.026765
sedang,sedang_clahe_14_flipH_r90.png,1361,50625,0.026884
sedang,sedang_clahe_14_flipV_r0.png,1359,50625,0.026844
sedang,sedang_clahe_14_flipV_r270.png,1361,50625,0.026884
sedang,sedang_clahe_14_flipV_r90.png,1355,50625,0.026765
sedang,sedang_clahe_14_orig_r0.png,1355,50625,0.026765
sedang,sedang_clahe_14_orig_r270.png,1357,50625,0.026805
sedang,sedang_clahe_14_orig_r90.png,1359,50625,0.026844
sedang,sedang_clahe_15_flipH_r0.png,1372,50625,0.027101
sedang,sedang_clahe_15_flipH_r270.png,1375,50625,0.02716
sedang,sedang_clahe_15_flipH_r90.png,1377,50625,0.0272
sedang,sedang_clahe_15_flipV_r0.png,1380,50625,0.027259
sedang,sedang_clahe_15_flipV_r270.png,1377,50625,0.0272
sedang,sedang_clahe_15_flipV_r90.png,1375,50625,0.02716
sedang,sedang_clahe_15_orig_r0.png,1375,50625,0.02716
sedang,sedang_clahe_15_orig_r270.png,1372,50625,0.027101
sedang,sedang_clahe_15_orig_r90.png,1380,50625,0.027259
sedang,sedang_clahe_16_flipH_r0.png,1377,50625,0.0272
sedang,sedang_clahe_16_flipH_r270.png,1378,50625,0.02722
sedang,sedang_clahe_16_flipH_r90.png,1392,50625,0.027496
sedang,sedang_clahe_16_flipV_r0.png,1393,50625,0.027516
sedang,sedang_clahe_16_flipV_r270.png,1392,50625,0.027496
sedang,sedang_clahe_16_flipV_r90.png,1378,50625,0.02722
sedang,sedang_clahe_16_orig_r0.png,1378,50625,0.02722
sedang,sedang_clahe_16_orig_r270.png,1377,50625,0.0272
sedang,sedang_clahe_16_orig_r90.png,1393,50625,0.027516
sedang,sedang_clahe_17_flipH_r0.png,1309,50625,0.025857
sedang,sedang_clahe_17_flipH_r270.png,1309,50625,0.025857
sedang,sedang_clahe_17_flipH_r90.png,1306,50625,0.025798
sedang,sedang_clahe_17_flipV_r0.png,1306,50625,0.025798
sedang,sedang_clahe_17_flipV_r270.png,1306,50625,0.025798
sedang,sedang_clahe_17_flipV_r90.png,1309,50625,0.025857
sedang,sedang_clahe_17_orig_r0.png,1309,50625,0.025857
sedang,sedang_clahe_17_orig_r270.png,1309,50625,0.025857
sedang,sedang_clahe_17_orig_r90.png,1306,50625,0.025798
sedang,sedang_clahe_18_flipH_r0.png,1651,50625,0.032612
sedang,sedang_clahe_18_flipH_r270.png,1650,50625,0.032593
sedang,sedang_clahe_18_flipH_r90.png,1645,50625,0.032494
sedang,sedang_clahe_18_flipV_r0.png,1644,50625,0.032474
sedang,sedang_clahe_18_flipV_r270.png,1645,50625,0.032494
sedang,sedang_clahe_18_flipV_r90.png,1650,50625,0.032593
sedang,sedang_clahe_18_orig_r0.png,1650,50625,0.032593
sedang,sedang_clahe_18_orig_r270.png,1651,50625,0.032612
sedang,sedang_clahe_18_orig_r90.png,1644,50625,0.032474
sedang,sedang_clahe_19_flipH_r0.png,1498,50625,0.02959
sedang,sedang_clahe_19_flipH_r270.png,1482,50625,0.029274
sedang,sedang_clahe_19_flipH_r90.png,1495,50625,0.029531
sedang,sedang_clahe_19_flipV_r0.png,1479,50625,0.029215
sedang,sedang_clahe_19_flipV_r270.png,1495,50625,0.029531
sedang,sedang_clahe_19_flipV_r90.png,1482,50625,0.029274
sedang,sedang_clahe_19_orig_r0.png,1482,50625,0.029274
sedang,sedang_clahe_19_orig_r270.png,1498,50625,0.02959
sedang,sedang_clahe_19_orig_r90.png,1479,50625,0.029215
sedang,sedang_clahe_20_flipH_r0.png,1506,50625,0.029748
sedang,sedang_clahe_20_flipH_r270.png,1508,50625,0.029788
sedang,sedang_clahe_20_flipH_r90.png,1507,50625,0.029768
sedang,sedang_clahe_20_flipV_r0.png,1509,50625,0.029807
sedang,sedang_clahe_20_flipV_r270.png,1507,50625,0.029768
sedang,sedang_clahe_20_flipV_r90.png,1508,50625,0.029788
sedang,sedang_clahe_20_orig_r0.png,1508,50625,0.029788
sedang,sedang_clahe_20_orig_r270.png,1506,50625,0.029748
sedang,sedang_clahe_20_orig_r90.png,1509,50625,0.029807
sedang,sedang_clahe_21_flipH_r0.png,1436,50625,0.028365
sedang,sedang_clahe_21_flipH_r270.png,1438,50625,0.028405
sedang,sedang_clahe_21_flipH_r90.png,1432,50625,0.028286
sedang,sedang_clahe_21_flipV_r0.png,1434,50625,0.028326
sedang,sedang_clahe_21_flipV_r270.png,1432,50625,0.028286
sedang,sedang_clahe_21_flipV_r90.png,1438,50625,0.028405
sedang,sedang_clahe_21_orig_r0.png,1438,50625,0.028405
sedang,sedang_clahe_21_orig_r270.png,1436,50625,0.028365
sedang,sedang_clahe_21_orig_r90.png,1434,50625,0.028326
sedang,sedang_clahe_22_flipH_r0.png,1610,50625,0.031802
sedang,sedang_clahe_22_flipH_r270.png,1608,50625,0.031763
sedang,sedang_clahe_22_flipH_r90.png,1607,50625,0.031743
sedang,sedang_clahe_22_flipV_r0.png,1605,50625,0.031704
sedang,sedang_clahe_22_flipV_r270.png,1607,50625,0.031743
sedang,sedang_clahe_22_flipV_r90.png,1608,50625,0.031763
sedang,sedang_clahe_22_orig_r0.png,1608,50625,0.031763
sedang,sedang_clahe_22_orig_r270.png,1610,50625,0.031802
sedang,sedang_clahe_22_orig_r90.png,1605,50625,0.031704
sedang,sedang_clahe_23_flipH_r0.png,1408,50625,0.027812
sedang,sedang_clahe_23_flipH_r270.png,1405,50625,0.027753
sedang,sedang_clahe_23_flipH_r90.png,1410,50625,0.027852
sedang,sedang_clahe_23_flipV_r0.png,1407,50625,0.027793
sedang,sedang_clahe_23_flipV_r270.png,1410,50625,0.027852
sedang,sedang_clahe_23_flipV_r90.png,1405,50625,0.027753
sedang,sedang_clahe_23_orig_r0.png,1405,50625,0.027753
sedang,sedang_clahe_23_orig_r270.png,1408,50625,0.027812
sedang,sedang_clahe_23_orig_r90.png,1407,50625,0.027793
sedang,sedang_clahe_24_flipH_r0.png,1555,50625,0.030716
sedang,sedang_clahe_24_flipH_r270.png,1570,50625,0.031012
sedang,sedang_clahe_24_flipH_r90.png,1549,50625,0.030598
sedang,sedang_clahe_24_flipV_r0.png,1564,50625,0.030894
sedang,sedang_clahe_24_flipV_r270.png,1549,50625,0.030598
sedang,sedang_clahe_24_flipV_r90.png,1570,50625,0.031012
sedang,sedang_clahe_24_orig_r0.png,1570,50625,0.031012
sedang,sedang_clahe_24_orig_r270.png,1555,50625,0.030716
sedang,sedang_clahe_24_orig_r90.png,1564,50625,0.030894
sedang,sedang_clahe_25_flipH_r0.png,1616,50625,0.031921
sedang,sedang_clahe_25_flipH_r270.png,1626,50625,0.032119
sedang,sedang_clahe_25_flipH_r90.png,1619,50625,0.03198
sedang,sedang_clahe_25_flipV_r0.png,1629,50625,0.032178
sedang,sedang_clahe_25_flipV_r270.png,1619,50625,0.03198
sedang,sedang_clahe_25_flipV_r90.png,1626,50625,0.032119
sedang,sedang_clahe_25_orig_r0.png,1626,50625,0.032119
sedang,sedang_clahe_25_orig_r270.png,1616,50625,0.031921
sedang,sedang_clahe_25_orig_r90.png,1629,50625,0.032178
sedang,sedang_clahe_26_flipH_r0.png,1661,50625,0.03281
sedang,sedang_clahe_26_flipH_r270.png,1664,50625,0.032869
sedang,sedang_clahe_26_flipH_r90.png,1664,50625,0.032869
sedang,sedang_clahe_26_flipV_r0.png,1667,50625,0.032928
sedang,sedang_clahe_26_flipV_r270.png,1664,50625,0.032869
sedang,sedang_clahe_26_flipV_r90.png,1664,50625,0.032869
sedang,sedang_clahe_26_orig_r0.png,1664,50625,0.032869
sedang,sedang_clahe_26_orig_r270.png,1661,50625,0.03281
sedang,sedang_clahe_26_orig_r90.png,1667,50625,0.032928
sedang,sedang_clahe_27_flipH_r0.png,1583,50625,0.031269
sedang,sedang_clahe_27_flipH_r270.png,1579,50625,0.03119
sedang,sedang_clahe_27_flipH_r90.png,1578,50625,0.03117
sedang,sedang_clahe_27_flipV_r0.png,1574,50625,0.031091
sedang,sedang_clahe_27_flipV_r270.png,1578,50625,0.03117
sedang,sedang_clahe_27_flipV_r90.png,1579,50625,0.03119
sedang,sedang_clahe_27_orig_r0.png,1579,50625,0.03119
sedang,sedang_clahe_27_orig_r270.png,1583,50625,0.031269
sedang,sedang_clahe_27_orig_r90.png,1574,50625,0.031091
sedang,sedang_clahe_28_flipH_r0.png,1596,50625,0.031526
sedang,sedang_clahe_28_flipH_r270.png,1596,50625,0.031526
sedang,sedang_clahe_28_flipH_r90.png,1592,50625,0.031447
sedang,sedang_clahe_28_flipV_r0.png,1592,50625,0.031447
sedang,sedang_clahe_28_flipV_r270.png,1592,50625,0.031447
sedang,sedang_clahe_28_flipV_r90.png,1596,50625,0.031526
sedang,sedang_clahe_28_orig_r0.png,1596,50625,0.031526
sedang,sedang_clahe_28_orig_r270.png,1596,50625,0.031526
sedang,sedang_clahe_28_orig_r90.png,1592,50625,0.031447
sedang,sedang_clahe_29_flipH_r0.png,1493,50625,0.029491
sedang,sedang_clahe_29_flipH_r270.png,1491,50625,0.029452
sedang,sedang_clahe_29_flipH_r90.png,1492,50625,0.029472
sedang,sedang_clahe_29_flipV_r0.png,1490,50625,0.029432
sedang,sedang_clahe_29_flipV_r270.png,1492,50625,0.029472
sedang,sedang_clahe_29_flipV_r90.png,1491,50625,0.029452
sedang,sedang_clahe_29_orig_r0.png,1491,50625,0.029452
sedang,sedang_clahe_29_orig_r270.png,1493,50625,0.029491
sedang,sedang_clahe_29_orig_r90.png,1490,50625,0.029432
sedang,sedang_clahe_30_flipH_r0.png,1532,50625,0.030262
sedang,sedang_clahe_30_flipH_r270.png,1528,50625,0.030183
sedang,sedang_clahe_30_flipH_r90.png,1524,50625,0.030104
sedang,sedang_clahe_30_flipV_r0.png,1520,50625,0.030025
sedang,sedang_clahe_30_flipV_r270.png,1524,50625,0.030104
sedang,sedang_clahe_30_flipV_r90.png,1528,50625,0.030183
sedang,sedang_clahe_30_orig_r0.png,1528,50625,0.030183
sedang,sedang_clahe_30_orig_r270.png,1532,50625,0.030262
sedang,sedang_clahe_30_orig_r90.png,1520,50625,0.030025
sedang,sedang_clahe_31_flipH_r0.png,1722,50625,0.034015
sedang,sedang_clahe_31_flipH_r270.png,1723,50625,0.034035
sedang,sedang_clahe_31_flipH_r90.png,1722,50625,0.034015
sedang,sedang_clahe_31_flipV_r0.png,1723,50625,0.034035
sedang,sedang_clahe_31_flipV_r270.png,1722,50625,0.034015
sedang,sedang_clahe_31_flipV_r90.png,1723,50625,0.034035
sedang,sedang_clahe_31_orig_r0.png,1723,50625,0.034035
sedang,sedang_clahe_31_orig_r270.png,1722,50625,0.034015
sedang,sedang_clahe_31_orig_r90.png,1723,50625,0.034035
sedang,sedang_clahe_32_flipH_r0.png,1680,50625,0.033185
sedang,sedang_clahe_32_flipH_r270.png,1679,50625,0.033165
sedang,sedang_clahe_32_flipH_r90.png,1674,50625,0.033067
sedang,sedang_clahe_32_flipV_r0.png,1673,50625,0.033047
sedang,sedang_clahe_32_flipV_r270.png,1674,50625,0.033067
sedang,sedang_clahe_32_flipV_r90.png,1679,50625,0.033165
sedang,sedang_clahe_32_orig_r0.png,1679,50625,0.033165
sedang,sedang_clahe_32_orig_r270.png,1680,50625,0.033185
sedang,sedang_clahe_32_orig_r90.png,1673,50625,0.033047
sedang,sedang_clahe_33_flipH_r0.png,1449,50625,0.028622
sedang,sedang_clahe_33_flipH_r270.png,1448,50625,0.028602
sedang,sedang_clahe_33_flipH_r90.png,1460,50625,0.02884
sedang,sedang_clahe_33_flipV_r0.png,1459,50625,0.02882
sedang,sedang_clahe_33_flipV_r270.png,1460,50625,0.02884
sedang,sedang_clahe_33_flipV_r90.png,1448,50625,0.028602
sedang,sedang_clahe_33_orig_r0.png,1448,50625,0.028602
sedang,sedang_clahe_33_orig_r270.png,1449,50625,0.028622
sedang,sedang_clahe_33_orig_r90.png,1459,50625,0.02882
sedang,sedang_clahe_34_flipH_r0.png,1529,50625,0.030202
sedang,sedang_clahe_34_flipH_r270.png,1544,50625,0.030499
sedang,sedang_clahe_34_flipH_r90.png,1525,50625,0.030123
sedang,sedang_clahe_34_flipV_r0.png,1540,50625,0.03042
sedang,sedang_clahe_34_flipV_r270.png,1525,50625,0.030123
sedang,sedang_clahe_34_flipV_r90.png,1544,50625,0.030499
sedang,sedang_clahe_34_orig_r0.png,1544,50625,0.030499
sedang,sedang_clahe_34_orig_r270.png,1529,50625,0.030202
sedang,sedang_clahe_34_orig_r90.png,1540,50625,0.03042
sedang,sedang_clahe_35_flipH_r0.png,1451,50625,0.028662
sedang,sedang_clahe_35_flipH_r270.png,1455,50625,0.028741
sedang,sedang_clahe_35_flipH_r90.png,1466,50625,0.028958
sedang,sedang_clahe_35_flipV_r0.png,1470,50625,0.029037
sedang,sedang_clahe_35_flipV_r270.png,1466,50625,0.028958
sedang,sedang_clahe_35_flipV_r90.png,1455,50625,0.028741
sedang,sedang_clahe_35_orig_r0.png,1455,50625,0.028741
sedang,sedang_clahe_35_orig_r270.png,1451,50625,0.028662
sedang,sedang_clahe_35_orig_r90.png,1470,50625,0.029037
sedang,sedang_clahe_36_flipH_r0.png,1464,50625,0.028919
sedang,sedang_clahe_36_flipH_r270.png,1467,50625,0.028978
sedang,sedang_clahe_36_flipH_r90.png,1482,50625,0.029274
sedang,sedang_clahe_36_flipV_r0.png,1485,50625,0.029333
sedang,sedang_clahe_36_flipV_r270.png,1482,50625,0.029274
sedang,sedang_clahe_36_flipV_r90.png,1467,50625,0.028978
sedang,sedang_clahe_36_orig_r0.png,1467,50625,0.028978
sedang,sedang_clahe_36_orig_r270.png,1464,50625,0.028919
sedang,sedang_clahe_36_orig_r90.png,1485,50625,0.029333
sedang,sedang_clahe_37_flipH_r0.png,1212,50625,0.023941
sedang,sedang_clahe_37_flipH_r270.png,1211,50625,0.023921
sedang,sedang_clahe_37_flipH_r90.png,1210,50625,0.023901
sedang,sedang_clahe_37_flipV_r0.png,1209,50625,0.023881
sedang,sedang_clahe_37_flipV_r270.png,1210,50625,0.023901
sedang,sedang_clahe_37_flipV_r90.png,1211,50625,0.023921
sedang,sedang_clahe_37_orig_r0.png,1211,50625,0.023921
sedang,sedang_clahe_37_orig_r270.png,1212,50625,0.023941
sedang,sedang_clahe_37_orig_r90.png,1209,50625,0.023881
sedang,sedang_clahe_38_flipH_r0.png,1032,50625,0.020385
sedang,sedang_clahe_38_flipH_r270.png,1033,50625,0.020405
sedang,sedang_clahe_38_flipH_r90.png,1036,50625,0.020464
sedang,sedang_clahe_38_flipV_r0.png,1037,50625,0.020484
sedang,sedang_clahe_38_flipV_r270.png,1036,50625,0.020464
sedang,sedang_clahe_38_flipV_r90.png,1033,50625,0.020405
sedang,sedang_clahe_38_orig_r0.png,1033,50625,0.020405
sedang,sedang_clahe_38_orig_r270.png,1032,50625,0.020385
sedang,sedang_clahe_38_orig_r90.png,1037,50625,0.020484
sedang,sedang_clahe_39_flipH_r0.png,1316,50625,0.025995
sedang,sedang_clahe_39_flipH_r270.png,1316,50625,0.025995
sedang,sedang_clahe_39_flipH_r90.png,1323,50625,0.026133
sedang,sedang_clahe_39_flipV_r0.png,1323,50625,0.026133
sedang,sedang_clahe_39_flipV_r270.png,1323,50625,0.026133
sedang,sedang_clahe_39_flipV_r90.png,1316,50625,0.025995
sedang,sedang_clahe_39_orig_r0.png,1316,50625,0.025995
sedang,sedang_clahe_39_orig_r270.png,1316,50625,0.025995
sedang,sedang_clahe_39_orig_r90.png,1323,50625,0.026133
sedang,sedang_clahe_40_flipH_r0.png,1877,50625,0.037077
sedang,sedang_clahe_40_flipH_r270.png,1876,50625,0.037057
sedang,sedang_clahe_40_flipH_r90.png,1870,50625,0.036938
sedang,sedang_clahe_40_flipV_r0.png,1869,50625,0.036919
sedang,sedang_clahe_40_flipV_r270.png,1870,50625,0.036938
sedang,sedang_clahe_40_flipV_r90.png,1876,50625,0.037057
sedang,sedang_clahe_40_orig_r0.png,1876,50625,0.037057
sedang,sedang_clahe_40_orig_r270.png,1877,50625,0.037077
sedang,sedang_clahe_40_orig_r90.png,1869,50625,0.036919
tinggi,tinggi_clahe_01_flipH_r0.png,1827,50625,0.036089
tinggi,tinggi_clahe_01_flipH_r270.png,1827,50625,0.036089
tinggi,tinggi_clahe_01_flipH_r90.png,1828,50625,0.036109
tinggi,tinggi_clahe_01_flipV_r0.png,1828,50625,0.036109
tinggi,tinggi_clahe_01_flipV_r270.png,1828,50625,0.036109
tinggi,tinggi_clahe_01_flipV_r90.png,1827,50625,0.036089
tinggi,tinggi_clahe_01_orig_r0.png,1827,50625,0.036089
tinggi,tinggi_clahe_01_orig_r270.png,1827,50625,0.036089
tinggi,tinggi_clahe_01_orig_r90.png,1828,50625,0.036109
tinggi,tinggi_clahe_02_flipH_r0.png,1642,50625,0.032435
tinggi,tinggi_clahe_02_flipH_r270.png,1642,50625,0.032435
tinggi,tinggi_clahe_02_flipH_r90.png,1644,50625,0.032474
tinggi,tinggi_clahe_02_flipV_r0.png,1644,50625,0.032474
tinggi,tinggi_clahe_02_flipV_r270.png,1644,50625,0.032474
tinggi,tinggi_clahe_02_flipV_r90.png,1642,50625,0.032435
tinggi,tinggi_clahe_02_orig_r0.png,1642,50625,0.032435
tinggi,tinggi_clahe_02_orig_r270.png,1642,50625,0.032435
tinggi,tinggi_clahe_02_orig_r90.png,1644,50625,0.032474
tinggi,tinggi_clahe_03_flipH_r0.png,1706,50625,0.033699
tinggi,tinggi_clahe_03_flipH_r270.png,1698,50625,0.033541
tinggi,tinggi_clahe_03_flipH_r90.png,1707,50625,0.033719
tinggi,tinggi_clahe_03_flipV_r0.png,1699,50625,0.03356
tinggi,tinggi_clahe_03_flipV_r270.png,1707,50625,0.033719
tinggi,tinggi_clahe_03_flipV_r90.png,1698,50625,0.033541
tinggi,tinggi_clahe_03_orig_r0.png,1698,50625,0.033541
tinggi,tinggi_clahe_03_orig_r270.png,1706,50625,0.033699
tinggi,tinggi_clahe_03_orig_r90.png,1699,50625,0.03356
tinggi,tinggi_clahe_04_flipH_r0.png,1539,50625,0.0304
tinggi,tinggi_clahe_04_flipH_r270.png,1543,50625,0.030479
tinggi,tinggi_clahe_04_flipH_r90.png,1532,50625,0.030262
tinggi,tinggi_clahe_04_flipV_r0.png,1536,50625,0.030341
tinggi,tinggi_clahe_04_flipV_r270.png,1532,50625,0.030262
tinggi,tinggi_clahe_04_flipV_r90.png,1543,50625,0.030479
tinggi,tinggi_clahe_04_orig_r0.png,1543,50625,0.030479
tinggi,tinggi_clahe_04_orig_r270.png,1539,50625,0.0304
tinggi,tinggi_clahe_04_orig_r90.png,1536,50625,0.030341
tinggi,tinggi_clahe_05_flipH_r0.png,1628,50625,0.032158
tinggi,tinggi_clahe_05_flipH_r270.png,1632,50625,0.032237
tinggi,tinggi_clahe_05_flipH_r90.png,1632,50625,0.032237
tinggi,tinggi_clahe_05_flipV_r0.png,1636,50625,0.032316
tinggi,tinggi_clahe_05_flipV_r270.png,1632,50625,0.032237
tinggi,tinggi_clahe_05_flipV_r90.png,1632,50625,0.032237
tinggi,tinggi_clahe_05_orig_r0.png,1632,50625,0.032237
tinggi,tinggi_clahe_05_orig_r270.png,1628,50625,0.032158
tinggi,tinggi_clahe_05_orig_r90.png,1636,50625,0.032316
tinggi,tinggi_clahe_06_flipH_r0.png,1570,50625,0.031012
tinggi,tinggi_clahe_06_flipH_r270.png,1568,50625,0.030973
tinggi,tinggi_clahe_06_flipH_r90.png,1579,50625,0.03119
tinggi,tinggi_clahe_06_flipV_r0.png,1577,50625,0.031151
tinggi,tinggi_clahe_06_flipV_r270.png,1579,50625,0.03119
tinggi,tinggi_clahe_06_flipV_r90.png,1568,50625,0.030973
tinggi,tinggi_clahe_06_orig_r0.png,1568,50625,0.030973
tinggi,tinggi_clahe_06_orig_r270.png,1570,50625,0.031012
tinggi,tinggi_clahe_06_orig_r90.png,1577,50625,0.031151
tinggi,tinggi_clahe_07_flipH_r0.png,1835,50625,0.036247
tinggi,tinggi_clahe_07_flipH_r270.png,1835,50625,0.036247
tinggi,tinggi_clahe_07_flipH_r90.png,1828,50625,0.036109
tinggi,tinggi_clahe_07_flipV_r0.png,1828,50625,0.036109
tinggi,tinggi_clahe_07_flipV_r270.png,1828,50625,0.036109
tinggi,tinggi_clahe_07_flipV_r90.png,1835,50625,0.036247
tinggi,tinggi_clahe_07_orig_r0.png,1835,50625,0.036247
tinggi,tinggi_clahe_07_orig_r270.png,1835,50625,0.036247
tinggi,tinggi_clahe_07_orig_r90.png,1828,50625,0.036109
tinggi,tinggi_clahe_08_flipH_r0.png,1598,50625,0.031565
tinggi,tinggi_clahe_08_flipH_r270.png,1597,50625,0.031546
tinggi,tinggi_clahe_08_flipH_r90.png,1584,50625,0.031289
tinggi,tinggi_clahe_08_flipV_r0.png,1583,50625,0.031269
tinggi,tinggi_clahe_08_flipV_r270.png,1584,50625,0.031289
tinggi,tinggi_clahe_08_flipV_r90.png,1597,50625,0.031546
tinggi,tinggi_clahe_08_orig_r0.png,1597,50625,0.031546
tinggi,tinggi_clahe_08_orig_r270.png,1598,50625,0.031565
tinggi,tinggi_clahe_08_orig_r90.png,1583,50625,0.031269
tinggi,tinggi_clahe_09_flipH_r0.png,1679,50625,0.033165
tinggi,tinggi_clahe_09_flipH_r270.png,1681,50625,0.033205
tinggi,tinggi_clahe_09_flipH_r90.png,1682,50625,0.033225
tinggi,tinggi_clahe_09_flipV_r0.png,1684,50625,0.033264
tinggi,tinggi_clahe_09_flipV_r270.png,1682,50625,0.033225
tinggi,tinggi_clahe_09_flipV_r90.png,1681,50625,0.033205
tinggi,tinggi_clahe_09_orig_r0.png,1681,50625,0.033205
tinggi,tinggi_clahe_09_orig_r270.png,1679,50625,0.033165
tinggi,tinggi_clahe_09_orig_r90.png,1684,50625,0.033264
tinggi,tinggi_clahe_10_flipH_r0.png,1841,50625,0.036365
tinggi,tinggi_clahe_10_flipH_r270.png,1834,50625,0.036227
tinggi,tinggi_clahe_10_flipH_r90.png,1841,50625,0.036365
tinggi,tinggi_clahe_10_flipV_r0.png,1834,50625,0.036227
tinggi,tinggi_clahe_10_flipV_r270.png,1841,50625,0.036365
tinggi,tinggi_clahe_10_flipV_r90.png,1834,50625,0.036227
tinggi,tinggi_clahe_10_orig_r0.png,1834,50625,0.036227
tinggi,tinggi_clahe_10_orig_r270.png,1841,50625,0.036365
tinggi,tinggi_clahe_10_orig_r90.png,1834,50625,0.036227
tinggi,tinggi_clahe_11_flipH_r0.png,1608,50625,0.031763
tinggi,tinggi_clahe_11_flipH_r270.png,1606,50625,0.031723
tinggi,tinggi_clahe_11_flipH_r90.png,1602,50625,0.031644
tinggi,tinggi_clahe_11_flipV_r0.png,1600,50625,0.031605
tinggi,tinggi_clahe_11_flipV_r270.png,1602,50625,0.031644
tinggi,tinggi_clahe_11_flipV_r90.png,1606,50625,0.031723
tinggi,tinggi_clahe_11_orig_r0.png,1606,50625,0.031723
tinggi,tinggi_clahe_11_orig_r270.png,1608,50625,0.031763
tinggi,tinggi_clahe_11_orig_r90.png,1600,50625,0.031605
tinggi,tinggi_clahe_12_flipH_r0.png,1877,50625,0.037077
tinggi,tinggi_clahe_12_flipH_r270.png,1870,50625,0.036938
tinggi,tinggi_clahe_12_flipH_r90.png,1871,50625,0.036958
tinggi,tinggi_clahe_12_flipV_r0.png,1864,50625,0.03682
tinggi,tinggi_clahe_12_flipV_r270.png,1871,50625,0.036958
tinggi,tinggi_clahe_12_flipV_r90.png,1870,50625,0.036938
tinggi,tinggi_clahe_12_orig_r0.png,1870,50625,0.036938
tinggi,tinggi_clahe_12_orig_r270.png,1877,50625,0.037077
tinggi,tinggi_clahe_12_orig_r90.png,1864,50625,0.03682
tinggi,tinggi_clahe_13_flipH_r0.png,1603,50625,0.031664
tinggi,tinggi_clahe_13_flipH_r270.png,1602,50625,0.031644
tinggi,tinggi_clahe_13_flipH_r90.png,1604,50625,0.031684
tinggi,tinggi_clahe_13_flipV_r0.png,1603,50625,0.031664
tinggi,tinggi_clahe_13_flipV_r270.png,1604,50625,0.031684
tinggi,tinggi_clahe_13_flipV_r90.png,1602,50625,0.031644
tinggi,tinggi_clahe_13_orig_r0.png,1602,50625,0.031644
tinggi,tinggi_clahe_13_orig_r270.png,1603,50625,0.031664
tinggi,tinggi_clahe_13_orig_r90.png,1603,50625,0.031664
tinggi,tinggi_clahe_14_flipH_r0.png,1940,50625,0.038321
tinggi,tinggi_clahe_14_flipH_r270.png,1940,50625,0.038321
tinggi,tinggi_clahe_14_flipH_r90.png,1930,50625,0.038123
tinggi,tinggi_clahe_14_flipV_r0.png,1930,50625,0.038123
tinggi,tinggi_clahe_14_flipV_r270.png,1930,50625,0.038123
tinggi,tinggi_clahe_14_flipV_r90.png,1940,50625,0.038321
tinggi,tinggi_clahe_14_orig_r0.png,1940,50625,0.038321
tinggi,tinggi_clahe_14_orig_r270.png,1940,50625,0.038321
tinggi,tinggi_clahe_14_orig_r90.png,1930,50625,0.038123
tinggi,tinggi_clahe_15_flipH_r0.png,1775,50625,0.035062
tinggi,tinggi_clahe_15_flipH_r270.png,1767,50625,0.034904
tinggi,tinggi_clahe_15_flipH_r90.png,1772,50625,0.035002
tinggi,tinggi_clahe_15_flipV_r0.png,1764,50625,0.034844
tinggi,tinggi_clahe_15_flipV_r270.png,1772,50625,0.035002
tinggi,tinggi_clahe_15_flipV_r90.png,1767,50625,0.034904
tinggi,tinggi_clahe_15_orig_r0.png,1767,50625,0.034904
tinggi,tinggi_clahe_15_orig_r270.png,1775,50625,0.035062
tinggi,tinggi_clahe_15_orig_r90.png,1764,50625,0.034844
tinggi,tinggi_clahe_16_flipH_r0.png,1858,50625,0.036701
tinggi,tinggi_clahe_16_flipH_r270.png,1856,50625,0.036662
tinggi,tinggi_clahe_16_flipH_r90.png,1856,50625,0.036662
tinggi,tinggi_clahe_16_flipV_r0.png,1854,50625,0.036622
tinggi,tinggi_clahe_16_flipV_r270.png,1856,50625,0.036662
tinggi,tinggi_clahe_16_flipV_r90.png,1856,50625,0.036662
tinggi,tinggi_clahe_16_orig_r0.png,1856,50625,0.036662
tinggi,tinggi_clahe_16_orig_r270.png,1858,50625,0.036701
tinggi,tinggi_clahe_16_orig_r90.png,1854,50625,0.036622
tinggi,tinggi_clahe_17_flipH_r0.png,1987,50625,0.039249
tinggi,tinggi_clahe_17_flipH_r270.png,1982,50625,0.039151
tinggi,tinggi_clahe_17_flipH_r90.png,1990,50625,0.039309
tinggi,tinggi_clahe_17_flipV_r0.png,1985,50625,0.03921
tinggi,tinggi_clahe_17_flipV_r270.png,1990,50625,0.039309
tinggi,tinggi_clahe_17_flipV_r90.png,1982,50625,0.039151
tinggi,tinggi_clahe_17_orig_r0.png,1982,50625,0.039151
tinggi,tinggi_clahe_17_orig_r270.png,1987,50625,0.039249
tinggi,tinggi_clahe_17_orig_r90.png,1985,50625,0.03921
tinggi,tinggi_clahe_18_flipH_r0.png,1809,50625,0.035733
tinggi,tinggi_clahe_18_flipH_r270.png,1808,50625,0.035714
tinggi,tinggi_clahe_18_flipH_r90.png,1812,50625,0.035793
tinggi,tinggi_clahe_18_flipV_r0.png,1811,50625,0.035773
tinggi,tinggi_clahe_18_flipV_r270.png,1812,50625,0.035793
tinggi,tinggi_clahe_18_flipV_r90.png,1808,50625,0.035714
tinggi,tinggi_clahe_18_orig_r0.png,1808,50625,0.035714
tinggi,tinggi_clahe_18_orig_r270.png,1809,50625,0.035733
tinggi,tinggi_clahe_18_orig_r90.png,1811,50625,0.035773
tinggi,tinggi_clahe_19_flipH_r0.png,1665,50625,0.032889
tinggi,tinggi_clahe_19_flipH_r270.png,1672,50625,0.033027
tinggi,tinggi_clahe_19_flipH_r90.png,1663,50625,0.032849
tinggi,tinggi_clahe_19_flipV_r0.png,1670,50625,0.032988
tinggi,tinggi_clahe_19_flipV_r270.png,1663,50625,0.032849
tinggi,tinggi_clahe_19_flipV_r90.png,1672,50625,0.033027
tinggi,tinggi_clahe_19_orig_r0.png,1672,50625,0.033027
tinggi,tinggi_clahe_19_orig_r270.png,1665,50625,0.032889
tinggi,tinggi_clahe_19_orig_r90.png,1670,50625,0.032988
tinggi,tinggi_clahe_20_flipH_r0.png,1643,50625,0.032454
tinggi,tinggi_clahe_20_flipH_r270.png,1642,50625,0.032435
tinggi,tinggi_clahe_20_flipH_r90.png,1651,50625,0.032612
tinggi,tinggi_clahe_20_flipV_r0.png,1650,50625,0.032593
tinggi,tinggi_clahe_20_flipV_r270.png,1651,50625,0.032612
tinggi,tinggi_clahe_20_flipV_r90.png,1642,50625,0.032435
tinggi,tinggi_clahe_20_orig_r0.png,1642,50625,0.032435
tinggi,tinggi_clahe_20_orig_r270.png,1643,50625,0.032454
tinggi,tinggi_clahe_20_orig_r90.png,1650,50625,0.032593
tinggi,tinggi_clahe_21_flipH_r0.png,1719,50625,0.033956
tinggi,tinggi_clahe_21_flipH_r270.png,1722,50625,0.034015
tinggi,tinggi_clahe_21_flipH_r90.png,1715,50625,0.033877
tinggi,tinggi_clahe_21_flipV_r0.png,1718,50625,0.033936
tinggi,tinggi_clahe_21_flipV_r270.png,1715,50625,0.033877
tinggi,tinggi_clahe_21_flipV_r90.png,1722,50625,0.034015
tinggi,tinggi_clahe_21_orig_r0.png,1722,50625,0.034015
tinggi,tinggi_clahe_21_orig_r270.png,1719,50625,0.033956
tinggi,tinggi_clahe_21_orig_r90.png,1718,50625,0.033936
tinggi,tinggi_clahe_22_flipH_r0.png,1412,50625,0.027891
tinggi,tinggi_clahe_22_flipH_r270.png,1407,50625,0.027793
tinggi,tinggi_clahe_22_flipH_r90.png,1401,50625,0.027674
tinggi,tinggi_clahe_22_flipV_r0.png,1396,50625,0.027575
tinggi,tinggi_clahe_22_flipV_r270.png,1401,50625,0.027674
tinggi,tinggi_clahe_22_flipV_r90.png,1407,50625,0.027793
tinggi,tinggi_clahe_22_orig_r0.png,1407,50625,0.027793
tinggi,tinggi_clahe_22_orig_r270.png,1412,50625,0.027891
tinggi,tinggi_clahe_22_orig_r90.png,1396,50625,0.027575
tinggi,tinggi_clahe_23_flipH_r0.png,1682,50625,0.033225
tinggi,tinggi_clahe_23_flipH_r270.png,1681,50625,0.033205
tinggi,tinggi_clahe_23_flipH_r90.png,1685,50625,0.033284
tinggi,tinggi_clahe_23_flipV_r0.png,1684,50625,0.033264
tinggi,tinggi_clahe_23_flipV_r270.png,1685,50625,0.033284
tinggi,tinggi_clahe_23_flipV_r90.png,1681,50625,0.033205
tinggi,tinggi_clahe_23_orig_r0.png,1681,50625,0.033205
tinggi,tinggi_clahe_23_orig_r270.png,1682,50625,0.033225
tinggi,tinggi_clahe_23_orig_r90.png,1684,50625,0.033264
tinggi,tinggi_clahe_24_flipH_r0.png,1326,50625,0.026193
tinggi,tinggi_clahe_24_flipH_r270.png,1321,50625,0.026094
tinggi,tinggi_clahe_24_flipH_r90.png,1326,50625,0.026193
tinggi,tinggi_clahe_24_flipV_r0.png,1321,50625,0.026094
tinggi,tinggi_clahe_24_flipV_r270.png,1326,50625,0.026193
tinggi,tinggi_clahe_24_flipV_r90.png,1321,50625,0.026094
tinggi,tinggi_clahe_24_orig_r0.png,1321,50625,0.026094
tinggi,tinggi_clahe_24_orig_r270.png,1326,50625,0.026193
tinggi,tinggi_clahe_24_orig_r90.png,1321,50625,0.026094
tinggi,tinggi_clahe_25_flipH_r0.png,1513,50625,0.029886
tinggi,tinggi_clahe_25_flipH_r270.png,1515,50625,0.029926
tinggi,tinggi_clahe_25_flipH_r90.png,1509,50625,0.029807
tinggi,tinggi_clahe_25_flipV_r0.png,1511,50625,0.029847
tinggi,tinggi_clahe_25_flipV_r270.png,1509,50625,0.029807
tinggi,tinggi_clahe_25_flipV_r90.png,1515,50625,0.029926
tinggi,tinggi_clahe_25_orig_r0.png,1515,50625,0.029926
tinggi,tinggi_clahe_25_orig_r270.png,1513,50625,0.029886
tinggi,tinggi_clahe_25_orig_r90.png,1511,50625,0.029847
tinggi,tinggi_clahe_26_flipH_r0.png,1468,50625,0.028998
tinggi,tinggi_clahe_26_flipH_r270.png,1464,50625,0.028919
tinggi,tinggi_clahe_26_flipH_r90.png,1463,50625,0.028899
tinggi,tinggi_clahe_26_flipV_r0.png,1459,50625,0.02882
tinggi,tinggi_clahe_26_flipV_r270.png,1463,50625,0.028899
tinggi,tinggi_clahe_26_flipV_r90.png,1464,50625,0.028919
tinggi,tinggi_clahe_26_orig_r0.png,1464,50625,0.028919
tinggi,tinggi_clahe_26_orig_r270.png,1468,50625,0.028998
tinggi,tinggi_clahe_26_orig_r90.png,1459,50625,0.02882
tinggi,tinggi_clahe_27_flipH_r0.png,1550,50625,0.030617
tinggi,tinggi_clahe_27_flipH_r270.png,1549,50625,0.030598
tinggi,tinggi_clahe_27_flipH_r90.png,1549,50625,0.030598
tinggi,tinggi_clahe_27_flipV_r0.png,1548,50625,0.030578
tinggi,tinggi_clahe_27_flipV_r270.png,1549,50625,0.030598
tinggi,tinggi_clahe_27_flipV_r90.png,1549,50625,0.030598
tinggi,tinggi_clahe_27_orig_r0.png,1549,50625,0.030598
tinggi,tinggi_clahe_27_orig_r270.png,1550,50625,0.030617
tinggi,tinggi_clahe_27_orig_r90.png,1548,50625,0.030578
tinggi,tinggi_clahe_28_flipH_r0.png,1692,50625,0.033422
tinggi,tinggi_clahe_28_flipH_r270.png,1691,50625,0.033402
tinggi,tinggi_clahe_28_flipH_r90.png,1683,50625,0.033244
tinggi,tinggi_clahe_28_flipV_r0.png,1682,50625,0.033225
tinggi,tinggi_clahe_28_flipV_r270.png,1683,50625,0.033244
tinggi,tinggi_clahe_28_flipV_r90.png,1691,50625,0.033402
tinggi,tinggi_clahe_28_orig_r0.png,1691,50625,0.033402
tinggi,tinggi_clahe_28_orig_r270.png,1692,50625,0.033422
tinggi,tinggi_clahe_28_orig_r90.png,1682,50625,0.033225
tinggi,tinggi_clahe_29_flipH_r0.png,1463,50625,0.028899
tinggi,tinggi_clahe_29_flipH_r270.png,1459,50625,0.02882
tinggi,tinggi_clahe_29_flipH_r90.png,1461,50625,0.028859
tinggi,tinggi_clahe_29_flipV_r0.png,1457,50625,0.02878
tinggi,tinggi_clahe_29_flipV_r270.png,1461,50625,0.028859
tinggi,tinggi_clahe_29_flipV_r90.png,1459,50625,0.02882
tinggi,tinggi_clahe_29_orig_r0.png,1459,50625,0.02882
tinggi,tinggi_clahe_29_orig_r270.png,1463,50625,0.028899
tinggi,tinggi_clahe_29_orig_r90.png,1457,50625,0.02878
tinggi,tinggi_clahe_30_flipH_r0.png,1900,50625,0.037531
tinggi,tinggi_clahe_30_flipH_r270.png,1900,50625,0.037531
tinggi,tinggi_clahe_30_flipH_r90.png,1899,50625,0.037511
tinggi,tinggi_clahe_30_flipV_r0.png,1899,50625,0.037511
tinggi,tinggi_clahe_30_flipV_r270.png,1899,50625,0.037511
tinggi,tinggi_clahe_30_flipV_r90.png,1900,50625,0.037531
tinggi,tinggi_clahe_30_orig_r0.png,1900,50625,0.037531
tinggi,tinggi_clahe_30_orig_r270.png,1900,50625,0.037531
tinggi,tinggi_clahe_30_orig_r90.png,1899,50625,0.037511
tinggi,tinggi_clahe_31_flipH_r0.png,1659,50625,0.03277
tinggi,tinggi_clahe_31_flipH_r270.png,1658,50625,0.032751
tinggi,tinggi_clahe_31_flipH_r90.png,1663,50625,0.032849
tinggi,tinggi_clahe_31_flipV_r0.png,1662,50625,0.03283
tinggi,tinggi_clahe_31_flipV_r270.png,1663,50625,0.032849
tinggi,tinggi_clahe_31_flipV_r90.png,1658,50625,0.032751
tinggi,tinggi_clahe_31_orig_r0.png,1658,50625,0.032751
tinggi,tinggi_clahe_31_orig_r270.png,1659,50625,0.03277
tinggi,tinggi_clahe_31_orig_r90.png,1662,50625,0.03283
tinggi,tinggi_clahe_32_flipH_r0.png,1898,50625,0.037491
tinggi,tinggi_clahe_32_flipH_r270.png,1897,50625,0.037472
tinggi,tinggi_clahe_32_flipH_r90.png,1914,50625,0.037807
tinggi,tinggi_clahe_32_flipV_r0.png,1913,50625,0.037788
tinggi,tinggi_clahe_32_flipV_r270.png,1914,50625,0.037807
tinggi,tinggi_clahe_32_flipV_r90.png,1897,50625,0.037472
tinggi,tinggi_clahe_32_orig_r0.png,1897,50625,0.037472
tinggi,tinggi_clahe_32_orig_r270.png,1898,50625,0.037491
tinggi,tinggi_clahe_32_orig_r90.png,1913,50625,0.037788
tinggi,tinggi_clahe_33_flipH_r0.png,1665,50625,0.032889
tinggi,tinggi_clahe_33_flipH_r270.png,1672,50625,0.033027
tinggi,tinggi_clahe_33_flipH_r90.png,1663,50625,0.032849
tinggi,tinggi_clahe_33_flipV_r0.png,1670,50625,0.032988
tinggi,tinggi_clahe_33_flipV_r270.png,1663,50625,0.032849
tinggi,tinggi_clahe_33_flipV_r90.png,1672,50625,0.033027
tinggi,tinggi_clahe_33_orig_r0.png,1672,50625,0.033027
tinggi,tinggi_clahe_33_orig_r270.png,1665,50625,0.032889
tinggi,tinggi_clahe_33_orig_r90.png,1670,50625,0.032988
tinggi,tinggi_clahe_34_flipH_r0.png,1719,50625,0.033956
tinggi,tinggi_clahe_34_flipH_r270.png,1722,50625,0.034015
tinggi,tinggi_clahe_34_flipH_r90.png,1715,50625,0.033877
tinggi,tinggi_clahe_34_flipV_r0.png,1718,50625,0.033936
tinggi,tinggi_clahe_34_flipV_r270.png,1715,50625,0.033877
tinggi,tinggi_clahe_34_flipV_r90.png,1722,50625,0.034015
tinggi,tinggi_clahe_34_orig_r0.png,1722,50625,0.034015
tinggi,tinggi_clahe_34_orig_r270.png,1719,50625,0.033956
tinggi,tinggi_clahe_34_orig_r90.png,1718,50625,0.033936
tinggi,tinggi_clahe_35_flipH_r0.png,1750,50625,0.034568
tinggi,tinggi_clahe_35_flipH_r270.png,1755,50625,0.034667
tinggi,tinggi_clahe_35_flipH_r90.png,1745,50625,0.034469
tinggi,tinggi_clahe_35_flipV_r0.png,1750,50625,0.034568
tinggi,tinggi_clahe_35_flipV_r270.png,1745,50625,0.034469
tinggi,tinggi_clahe_35_flipV_r90.png,1755,50625,0.034667
tinggi,tinggi_clahe_35_orig_r0.png,1755,50625,0.034667
tinggi,tinggi_clahe_35_orig_r270.png,1750,50625,0.034568
tinggi,tinggi_clahe_35_orig_r90.png,1750,50625,0.034568
tinggi,tinggi_clahe_36_flipH_r0.png,1558,50625,0.030775
tinggi,tinggi_clahe_36_flipH_r270.png,1558,50625,0.030775
tinggi,tinggi_clahe_36_flipH_r90.png,1554,50625,0.030696
tinggi,tinggi_clahe_36_flipV_r0.png,1554,50625,0.030696
tinggi,tinggi_clahe_36_flipV_r270.png,1554,50625,0.030696
tinggi,tinggi_clahe_36_flipV_r90.png,1558,50625,0.030775
tinggi,tinggi_clahe_36_orig_r0.png,1558,50625,0.030775
tinggi,tinggi_clahe_36_orig_r270.png,1558,50625,0.030775
tinggi,tinggi_clahe_36_orig_r90.png,1554,50625,0.030696
tinggi,tinggi_clahe_37_flipH_r0.png,1655,50625,0.032691
tinggi,tinggi_clahe_37_flipH_r270.png,1656,50625,0.032711
tinggi,tinggi_clahe_37_flipH_r90.png,1655,50625,0.032691
tinggi,tinggi_clahe_37_flipV_r0.png,1656,50625,0.032711
tinggi,tinggi_clahe_37_flipV_r270.png,1655,50625,0.032691
tinggi,tinggi_clahe_37_flipV_r90.png,1656,50625,0.032711
tinggi,tinggi_clahe_37_orig_r0.png,1656,50625,0.032711
tinggi,tinggi_clahe_37_orig_r270.png,1655,50625,0.032691
tinggi,tinggi_clahe_37_orig_r90.png,1656,50625,0.032711
tinggi,tinggi_clahe_38_flipH_r0.png,1536,50625,0.030341
tinggi,tinggi_clahe_38_flipH_r270.png,1539,50625,0.0304
tinggi,tinggi_clahe_38_flipH_r90.png,1539,50625,0.0304
tinggi,tinggi_clahe_38_flipV_r0.png,1542,50625,0.030459
tinggi,tinggi_clahe_38_flipV_r270.png,1539,50625,0.0304
tinggi,tinggi_clahe_38_flipV_r90.png,1539,50625,0.0304
tinggi,tinggi_clahe_38_orig_r0.png,1539,50625,0.0304
tinggi,tinggi_clahe_38_orig_r270.png,1536,50625,0.030341
tinggi,tinggi_clahe_38_orig_r90.png,1542,50625,0.030459
tinggi,tinggi_clahe_39_flipH_r0.png,1770,50625,0.034963
tinggi,tinggi_clahe_39_flipH_r270.png,1773,50625,0.035022
tinggi,tinggi_clahe_39_flipH_r90.png,1777,50625,0.035101
tinggi,tinggi_clahe_39_flipV_r0.png,1780,50625,0.03516
tinggi,tinggi_clahe_39_flipV_r270.png,1777,50625,0.035101
tinggi,tinggi_clahe_39_flipV_r90.png,1773,50625,0.035022
tinggi,tinggi_clahe_39_orig_r0.png,1773,50625,0.035022
tinggi,tinggi_clahe_39_orig_r270.png,1770,50625,0.034963
tinggi,tinggi_clahe_39_orig_r90.png,1780,50625,0.03516
tinggi,tinggi_clahe_40_flipH_r0.png,1834,50625,0.036227
tinggi,tinggi_clahe_40_flipH_r270.png,1839,50625,0.036326
tinggi,tinggi_clahe_40_flipH_r90.png,1838,50625,0.036306
tinggi,tinggi_clahe_40_flipV_r0.png,1843,50625,0.036405
tinggi,tinggi_clahe_40_flipV_r270.png,1838,50625,0.036306
tinggi,tinggi_clahe_40_flipV_r90.png,1839,50625,0.036326
tinggi,tinggi_clahe_40_orig_r0.png,1839,50625,0.036326
tinggi,tinggi_clahe_40_orig_r270.png,1834,50625,0.036227
tinggi,tinggi_clahe_40_orig_r90.png,1843,50625,0.036405
